SV,3aQTLs,eQTLs,exQTLs,lncQTLs,sQTLs
DEL14989,1,1,1,0,1
DEL15025,1,1,1,0,0
DEL18772,1,1,1,0,1
DEL19307,0,1,1,1,1
DEL20463,0,0,1,0,0
DEL23657,0,1,1,0,0
DEL24294,1,1,1,0,1
DEL25172,1,1,1,1,1
DEL26650,1,1,1,1,1
DEL27861,1,1,1,1,1
DEL32670,1,1,1,0,1
DEL35747,1,0,1,0,0
DEL37097,1,0,1,1,1
DEL39775,0,1,1,0,0
DEL41262,1,0,1,0,1
DEL4866,0,1,1,0,1
DEL54690,1,1,1,1,1
DEL55063,0,1,1,0,0
DEL55216,0,1,1,0,1
DEL55973,1,1,1,1,1
DEL55998,0,1,1,0,1
DEL56835,1,1,1,0,1
DEL5913,0,1,1,0,0
DEL60312,0,1,0,0,0
DEL6239,0,1,1,0,0
DEL723,0,1,1,0,0
DEL72393,1,0,1,0,0
DEL73953,0,1,1,0,1
DEL74211,0,1,1,0,1
DEL76063,1,1,1,0,1
DEL77480,0,1,1,0,1
DEL80529,1,1,1,0,0
DEL80924,0,1,1,0,1
DEL81167,0,1,1,0,1
DEL82101,1,0,1,0,1
DEL82730,0,0,1,0,1
DEL83561,1,1,1,0,1
DEL84758,0,1,1,0,0
DEL85784,1,1,1,1,1
DEL86676,1,1,1,1,0
DEL86778,1,1,1,1,1
DEL8807,0,0,1,0,0
DEL88937,0,1,1,1,0
DEL91095,1,1,1,0,0
DEL91517,1,0,0,0,0
DEL91852,0,1,1,0,1
DEL92069,1,1,1,0,1
DEL93409,0,1,0,0,0
INS175,0,1,1,1,0
INS226,0,0,0,1,0
INS2664,1,1,1,0,0
INS425,0,1,1,0,0
INS4436,0,1,1,0,0
INS4773,1,1,1,0,1
INS6876,1,1,1,1,1
INS7091,0,0,1,1,0
INS7142,1,1,1,0,1
INS7486,1,1,1,0,1
INS7653,1,1,1,0,1
INS7842,0,1,0,0,1
INS932,0,1,1,0,0
Pggb100999,0,1,1,0,1
Pggb101738,0,1,1,0,0
Pggb102281,0,1,1,0,1
Pggb102369,0,1,1,0,1
Pggb103454,0,1,1,0,1
Pggb105457,0,0,1,0,1
Pggb105595,0,1,1,0,0
Pggb105784,0,1,1,1,1
Pggb1059,1,1,1,0,0
Pggb106002,0,1,0,0,0
Pggb10802,0,1,1,0,0
Pggb10814,0,1,1,1,1
Pggb109,0,1,1,0,0
Pggb110129,1,0,1,1,0
Pggb110848,0,1,1,0,1
Pggb111264,1,1,1,0,1
Pggb111344,1,1,1,0,1
Pggb111462,0,1,1,0,1
Pggb111464,1,1,1,0,0
Pggb111578,1,1,1,0,1
Pggb111835,0,1,1,0,0
Pggb112052,0,1,1,0,1
Pggb112056,0,0,1,0,0
Pggb112452,0,1,1,0,1
Pggb112598,0,1,1,0,1
Pggb112607,1,1,1,0,1
Pggb112617,1,1,1,1,1
Pggb112624,0,0,1,0,1
Pggb112672,0,1,1,0,1
Pggb112869,0,1,1,0,0
Pggb112871,0,1,1,1,1
Pggb112942,1,1,1,0,1
Pggb112953,0,1,1,0,1
Pggb112975,1,1,1,1,0
Pggb113073,1,1,1,1,0
Pggb113170,1,1,1,1,1
Pggb113184,1,1,1,0,1
Pggb113222,1,1,1,1,1
Pggb113269,0,1,1,0,1
Pggb113298,0,1,1,1,1
Pggb113646,0,1,1,1,0
Pggb113808,1,0,1,0,1
Pggb113880,0,1,1,0,1
Pggb114163,0,0,1,0,0
Pggb114164,1,1,1,0,1
Pggb114313,1,1,1,0,0
Pggb114326,1,1,1,1,1
Pggb114329,1,1,1,0,1
Pggb114572,1,1,1,0,1
Pggb114578,1,1,1,0,0
Pggb114586,0,0,1,0,0
Pggb114642,1,1,1,1,1
Pggb114644,0,1,1,0,1
Pggb114892,1,0,1,1,1
Pggb115151,0,0,1,0,0
Pggb115159,0,0,1,0,1
Pggb116344,0,0,1,0,0
Pggb116377,0,1,1,1,0
Pggb116500,0,0,1,0,0
Pggb116503,1,1,1,0,0
Pggb116607,1,1,1,0,1
Pggb116765,0,1,1,0,0
Pggb116886,1,1,1,1,1
Pggb116888,1,1,1,0,1
Pggb117228,1,1,1,0,1
Pggb117411,1,1,1,1,1
Pggb117434,1,1,1,0,1
Pggb117438,1,1,1,0,1
Pggb117614,1,1,1,1,1
Pggb117831,1,1,1,1,1
Pggb117913,1,1,1,0,1
Pggb117930,1,1,1,0,1
Pggb117988,1,1,1,0,1
Pggb118004,1,1,1,0,1
Pggb118204,1,0,1,0,1
Pggb118405,0,1,1,0,1
Pggb119272,0,0,1,0,0
Pggb119466,1,1,1,1,0
Pggb120219,0,1,1,1,1
Pggb120221,0,1,1,1,1
Pggb120928,1,1,1,0,1
Pggb121503,0,1,1,1,1
Pggb121507,0,1,1,0,1
Pggb121513,1,1,1,0,0
Pggb121514,1,1,1,0,0
Pggb121515,0,1,1,0,0
Pggb121529,1,1,1,0,1
Pggb121588,1,1,1,0,0
Pggb122012,0,1,1,1,1
Pggb122487,0,1,1,0,1
Pggb122822,0,1,1,0,0
Pggb122937,0,0,1,0,0
Pggb12310,0,1,1,0,1
Pggb123139,1,0,1,0,1
Pggb123404,0,1,1,1,0
Pggb123475,0,1,1,1,1
Pggb123492,0,1,1,1,1
Pggb12350,0,1,1,1,1
Pggb123504,0,1,1,1,1
Pggb123528,0,1,1,1,0
Pggb123532,0,0,1,0,0
Pggb123541,0,1,1,1,0
Pggb123821,1,1,1,0,1
Pggb123822,1,1,1,0,1
Pggb123903,0,0,1,0,1
Pggb124283,1,1,1,0,1
Pggb124417,0,1,1,0,1
Pggb124634,1,1,1,1,1
Pggb124754,1,1,1,0,1
Pggb124778,1,1,1,1,1
Pggb125016,1,1,1,1,1
Pggb125289,1,1,1,0,1
Pggb125792,0,0,0,0,1
Pggb1259,1,0,0,0,0
Pggb126147,1,1,1,0,1
Pggb126412,1,1,1,0,1
Pggb126548,0,0,1,1,1
Pggb126869,1,1,1,1,0
Pggb126874,1,1,1,1,1
Pggb126877,1,0,1,0,1
Pggb127007,0,1,1,0,0
Pggb127288,0,1,1,0,1
Pggb127422,0,1,1,1,1
Pggb127426,0,1,1,0,1
Pggb127552,0,1,1,0,1
Pggb127899,0,1,1,0,0
Pggb128001,1,1,1,0,1
Pggb128107,0,1,1,0,0
Pggb128185,0,1,1,0,1
Pggb128648,0,1,1,0,1
Pggb1287,1,1,1,0,1
Pggb128765,0,0,1,0,1
Pggb128811,0,1,1,0,0
Pggb128927,0,1,1,0,1
Pggb129023,1,1,1,0,1
Pggb129957,0,1,1,0,0
Pggb130990,0,1,1,0,0
Pggb131081,0,1,1,0,1
Pggb131725,1,0,1,1,1
Pggb132613,1,1,1,1,1
Pggb132924,1,1,1,0,1
Pggb133066,0,1,1,0,1
Pggb133068,1,1,1,0,1
Pggb133178,0,1,1,0,1
Pggb133252,1,0,1,0,1
Pggb13346,0,0,1,0,1
Pggb133481,1,1,1,1,1
Pggb133554,1,1,1,0,1
Pggb133745,1,1,1,1,1
Pggb133760,0,0,1,0,1
Pggb133771,0,1,1,0,1
Pggb133995,1,1,1,0,0
Pggb134003,1,1,1,0,0
Pggb134146,0,1,1,0,1
Pggb134479,1,1,1,0,1
Pggb134566,0,0,1,0,0
Pggb135022,0,1,1,0,1
Pggb135038,1,1,1,0,1
Pggb135040,1,1,1,1,1
Pggb135125,1,1,1,0,0
Pggb13544,0,0,1,0,0
Pggb13579,0,1,1,0,1
Pggb136083,1,1,1,0,1
Pggb136122,0,1,1,1,1
Pggb136125,0,1,1,0,1
Pggb13635,1,1,1,1,1
Pggb136470,1,1,1,0,1
Pggb137041,0,0,1,0,0
Pggb137187,0,1,1,0,0
Pggb13721,1,1,1,0,1
Pggb13722,1,1,1,0,1
Pggb137291,1,1,1,1,1
Pggb137294,0,1,1,0,0
Pggb137391,1,1,1,0,0
Pggb137611,0,0,1,0,0
Pggb137620,0,1,1,0,0
Pggb13873,0,1,1,0,1
Pggb13879,1,1,1,0,1
Pggb139196,0,1,1,1,0
Pggb139874,0,0,1,1,0
Pggb13989,1,1,1,1,1
Pggb140063,1,1,1,0,1
Pggb140534,1,1,1,0,1
Pggb14451,1,0,1,1,1
Pggb146492,1,1,1,0,1
Pggb146505,1,1,1,0,1
Pggb146513,1,1,1,0,1
Pggb146516,1,1,1,0,1
Pggb146527,1,1,1,1,1
Pggb146547,0,1,1,0,1
Pggb146595,1,1,1,0,1
Pggb147068,0,0,1,0,1
Pggb147361,0,1,1,0,0
Pggb147400,1,1,1,1,1
Pggb147405,1,1,1,0,1
Pggb147407,1,1,1,0,1
Pggb147520,1,1,1,0,1
Pggb147642,0,0,1,0,0
Pggb147687,1,0,1,0,1
Pggb147722,1,0,1,0,1
Pggb147797,1,1,1,1,0
Pggb148077,1,1,1,1,1
Pggb148124,0,1,1,0,1
Pggb148798,0,1,1,0,0
Pggb148853,0,1,1,0,1
Pggb148854,0,0,1,0,1
Pggb14920,0,1,1,0,1
Pggb14940,1,1,1,0,1
Pggb149449,1,1,1,0,1
Pggb149458,0,1,0,0,1
Pggb149473,1,1,1,0,1
Pggb149480,0,1,1,1,1
Pggb149620,0,1,1,0,1
Pggb150049,1,1,1,0,1
Pggb150109,0,1,1,0,1
Pggb150211,1,1,1,1,1
Pggb150261,0,0,0,0,1
Pggb150723,1,1,1,0,1
Pggb150773,0,1,1,0,1
Pggb151436,1,1,1,0,1
Pggb151453,0,0,0,0,1
Pggb151520,0,1,1,0,0
Pggb151535,1,1,1,0,1
Pggb151608,1,1,1,0,0
Pggb15210,0,1,1,0,0
Pggb152323,0,1,1,0,0
Pggb152699,1,1,1,1,1
Pggb152704,1,1,1,1,1
Pggb152894,1,1,1,1,1
Pggb152904,1,1,1,1,1
Pggb152928,1,1,1,0,1
Pggb152929,1,1,1,0,1
Pggb152951,1,1,1,0,1
Pggb152972,1,1,1,0,1
Pggb152973,1,1,1,0,1
Pggb152991,1,1,1,0,1
Pggb152992,1,1,1,0,1
Pggb152994,1,1,1,0,1
Pggb153285,1,1,1,0,1
Pggb153638,0,0,1,0,0
Pggb154034,0,0,1,0,0
Pggb154076,1,0,1,0,0
Pggb154078,0,1,1,0,0
Pggb154159,0,1,1,0,0
Pggb154911,1,0,1,0,0
Pggb155138,1,1,1,0,1
Pggb155208,1,1,1,0,1
Pggb155423,1,1,1,1,1
Pggb155441,0,1,1,0,1
Pggb155475,0,1,1,0,0
Pggb155694,0,0,1,0,0
Pggb155714,1,0,1,0,0
Pggb155828,0,1,1,0,0
Pggb155925,1,1,1,0,1
Pggb156005,0,0,1,0,1
Pggb156013,0,1,1,0,0
Pggb156242,1,0,1,0,1
Pggb156276,1,1,1,1,0
Pggb156470,1,0,1,0,1
Pggb156548,1,1,1,1,1
Pggb156767,1,1,1,0,1
Pggb156839,1,1,1,0,1
Pggb157083,1,1,1,0,1
Pggb157403,1,1,1,0,1
Pggb157544,0,1,1,0,1
Pggb15782,0,0,0,1,1
Pggb157895,0,1,1,1,0
Pggb15792,1,1,1,1,1
Pggb15793,1,1,1,1,1
Pggb157938,1,1,1,1,1
Pggb158055,1,1,1,1,1
Pggb158093,1,1,1,0,1
Pggb158354,1,1,1,1,1
Pggb158366,1,1,1,1,1
Pggb15870,1,0,1,0,0
Pggb16113,0,1,1,1,0
Pggb16166,0,0,1,0,0
Pggb16463,1,1,1,0,0
Pggb16467,0,1,1,0,0
Pggb165457,1,1,1,0,1
Pggb165465,1,1,1,0,1
Pggb165687,1,1,1,1,1
Pggb165745,0,1,1,1,1
Pggb166209,1,1,1,0,0
Pggb166296,1,0,1,0,0
Pggb166687,1,1,1,0,1
Pggb166715,1,1,1,0,1
Pggb166760,1,1,1,0,1
Pggb166771,0,0,1,1,1
Pggb167039,0,1,1,0,0
Pggb167373,0,1,1,1,1
Pggb168854,0,1,1,1,1
Pggb168954,1,1,1,0,0
Pggb168955,0,1,1,1,0
Pggb169273,0,0,1,0,0
Pggb169416,1,1,1,0,1
Pggb169506,0,1,1,0,1
Pggb16996,0,1,1,0,0
Pggb172752,0,1,1,1,1
Pggb172802,0,1,1,1,1
Pggb17399,0,0,1,0,1
Pggb174845,1,1,1,0,0
Pggb175236,0,0,1,0,0
Pggb175374,1,1,1,0,1
Pggb175423,1,1,1,0,1
Pggb175493,0,1,1,0,0
Pggb175529,0,1,1,0,0
Pggb175727,1,0,1,1,0
Pggb175736,0,0,1,0,1
Pggb176008,0,0,1,0,0
Pggb176192,1,1,1,0,1
Pggb176230,1,1,1,1,1
Pggb176249,0,1,1,0,1
Pggb176266,0,1,1,0,1
Pggb176315,0,1,1,0,1
Pggb176371,0,0,0,0,1
Pggb177054,1,1,1,1,1
Pggb177070,1,1,1,0,1
Pggb177193,1,1,1,0,1
Pggb177844,1,1,1,0,1
Pggb178410,0,1,1,0,1
Pggb179078,0,1,1,0,0
Pggb179276,0,0,1,1,1
Pggb179464,0,1,1,0,0
Pggb179843,0,1,1,0,1
Pggb179848,1,1,1,0,1
Pggb179882,0,0,1,0,1
Pggb180074,1,1,1,0,1
Pggb180370,0,1,1,0,1
Pggb180525,0,0,1,1,0
Pggb180820,1,1,1,0,1
Pggb180920,0,1,1,0,1
Pggb180950,0,0,1,0,1
Pggb181059,0,1,1,0,1
Pggb181237,1,1,1,0,1
Pggb181578,0,1,1,1,1
Pggb181580,0,1,1,1,1
Pggb187774,1,0,1,0,0
Pggb187777,1,0,1,0,0
Pggb187801,1,0,1,0,0
Pggb190837,0,0,1,1,0
Pggb190869,0,1,1,0,0
Pggb190874,0,0,1,0,0
Pggb190963,1,1,1,1,1
Pggb190965,0,1,1,1,0
Pggb19193,0,1,1,0,1
Pggb19220,0,1,1,0,0
Pggb192487,0,0,1,1,1
Pggb192521,0,1,1,0,0
Pggb192581,1,1,1,0,1
Pggb19325,0,1,1,0,1
Pggb19352,1,1,1,1,1
Pggb19353,1,1,1,0,1
Pggb195192,1,1,1,0,0
Pggb196173,0,0,1,0,1
Pggb196665,1,1,1,1,1
Pggb196668,1,1,1,1,1
Pggb196670,1,1,1,0,1
Pggb196776,0,1,1,0,1
Pggb196889,1,1,1,0,1
Pggb197103,1,1,1,0,0
Pggb197910,0,1,1,0,0
Pggb197912,0,1,1,0,0
Pggb197919,0,1,1,0,1
Pggb198089,0,1,1,0,1
Pggb198095,0,1,1,0,1
Pggb198135,0,1,1,0,1
Pggb198136,1,1,1,0,0
Pggb198160,1,1,1,0,1
Pggb198202,0,1,1,0,1
Pggb198212,1,1,1,0,1
Pggb198214,1,1,1,0,0
Pggb199925,0,1,1,0,1
Pggb200004,1,1,1,1,1
Pggb200488,1,1,1,0,1
Pggb200496,0,1,1,0,0
Pggb20094,1,1,1,1,1
Pggb200987,1,1,1,0,1
Pggb201473,1,1,1,0,0
Pggb20224,0,1,1,1,1
Pggb20225,0,1,1,1,1
Pggb202443,0,0,0,0,1
Pggb202553,0,0,1,0,1
Pggb202565,1,1,1,1,1
Pggb202820,0,1,1,0,0
Pggb202830,1,1,1,0,1
Pggb203231,0,1,1,0,1
Pggb203466,1,1,1,0,0
Pggb203477,0,0,1,0,0
Pggb203478,0,0,1,0,0
Pggb204014,1,1,1,0,1
Pggb204063,1,1,1,0,1
Pggb204347,1,1,1,1,1
Pggb204628,0,1,1,1,1
Pggb204834,1,1,1,0,1
Pggb205660,0,1,1,0,1
Pggb205918,1,1,1,0,1
Pggb206358,1,1,1,0,1
Pggb206996,1,1,1,1,1
Pggb20702,1,1,1,1,1
Pggb207278,1,1,1,0,0
Pggb208554,0,0,1,0,0
Pggb208707,0,1,1,0,1
Pggb208735,1,1,1,1,0
Pggb208787,0,1,1,0,0
Pggb208865,0,1,1,0,1
Pggb208874,0,1,1,0,1
Pggb208885,0,1,1,0,1
Pggb209794,0,0,1,0,1
Pggb209882,1,1,1,0,1
Pggb210098,0,0,1,0,0
Pggb210440,0,1,1,0,0
Pggb211443,0,1,1,0,0
Pggb211645,0,0,1,0,0
Pggb21215,1,0,1,0,0
Pggb212167,0,1,1,0,1
Pggb212171,1,1,1,0,0
Pggb212483,0,0,1,0,0
Pggb213177,1,1,1,1,1
Pggb21347,0,0,1,0,0
Pggb214414,0,1,1,0,1
Pggb214487,0,0,1,0,0
Pggb214518,0,1,1,0,0
Pggb214566,0,0,1,0,0
Pggb214756,0,0,1,0,0
Pggb214850,1,1,1,0,1
Pggb214875,0,0,1,0,0
Pggb215000,0,1,1,0,1
Pggb215692,0,1,1,1,1
Pggb215984,0,1,1,1,0
Pggb216152,0,1,1,1,0
Pggb216153,0,1,1,1,0
Pggb216307,0,1,1,1,0
Pggb216524,1,1,1,0,1
Pggb216873,0,1,1,0,1
Pggb217538,1,1,1,1,1
Pggb217810,0,1,1,0,1
Pggb220129,0,1,1,0,1
Pggb220175,0,1,1,1,1
Pggb220206,0,1,1,1,1
Pggb220644,1,1,1,0,0
Pggb220648,0,1,1,0,0
Pggb220722,1,0,1,0,0
Pggb220728,0,0,0,0,1
Pggb221217,1,1,1,0,1
Pggb221509,1,1,1,0,0
Pggb221510,1,1,1,0,0
Pggb222029,0,1,1,0,0
Pggb222031,1,1,1,1,1
Pggb222162,0,1,0,0,0
Pggb222187,1,1,1,1,1
Pggb222250,0,1,1,0,1
Pggb222337,1,1,1,1,1
Pggb222342,1,1,1,0,1
Pggb222537,1,1,1,0,1
Pggb223743,0,1,1,1,1
Pggb223753,1,1,1,1,1
Pggb224552,0,1,1,1,0
Pggb224702,0,0,1,1,0
Pggb226084,0,0,1,0,0
Pggb226096,0,1,1,0,0
Pggb226235,0,1,1,1,1
Pggb227411,0,0,1,1,0
Pggb227842,0,1,1,1,1
Pggb22895,0,1,1,0,0
Pggb23036,0,1,1,1,0
Pggb230378,0,0,1,1,1
Pggb231223,0,1,1,0,1
Pggb231294,0,1,1,0,0
Pggb232420,1,1,1,1,1
Pggb234841,0,1,1,0,0
Pggb235343,0,1,1,1,1
Pggb235653,0,1,1,0,1
Pggb235663,0,1,1,1,0
Pggb235895,0,0,1,0,1
Pggb235897,0,1,1,0,1
Pggb236318,1,1,1,1,0
Pggb236520,1,1,1,1,0
Pggb238370,0,1,1,0,1
Pggb238404,1,1,1,0,0
Pggb238423,0,0,1,0,1
Pggb238555,0,1,1,0,1
Pggb238570,0,1,1,1,1
Pggb238572,0,1,0,0,1
Pggb238653,1,1,1,0,0
Pggb238680,0,1,1,0,1
Pggb238734,1,1,1,0,1
Pggb238810,0,1,1,0,1
Pggb238838,0,1,1,0,1
Pggb238839,0,1,1,0,1
Pggb239227,1,0,1,0,0
Pggb239717,0,0,1,0,1
Pggb239775,1,1,1,1,1
Pggb239885,1,1,1,0,1
Pggb239896,1,1,1,1,1
Pggb239913,1,1,1,0,1
Pggb239916,1,1,1,0,1
Pggb241400,0,1,1,0,0
Pggb241995,1,0,1,0,0
Pggb242036,0,1,1,1,1
Pggb242056,0,0,1,0,0
Pggb242176,0,0,1,0,0
Pggb242621,0,1,1,0,1
Pggb242623,1,1,1,1,1
Pggb244072,0,1,1,1,1
Pggb244144,0,1,1,0,0
Pggb244292,0,1,1,1,0
Pggb244333,0,1,1,0,1
Pggb244515,0,0,1,0,0
Pggb244521,0,0,1,0,1
Pggb244910,1,1,1,1,1
Pggb245162,1,1,1,0,1
Pggb245780,1,1,1,0,1
Pggb246629,1,0,1,0,1
Pggb249343,0,0,0,1,0
Pggb249762,0,0,1,0,0
Pggb249763,0,1,1,1,0
Pggb249887,0,1,1,0,0
Pggb250091,0,1,1,0,0
Pggb250112,0,1,1,1,0
Pggb250170,0,1,1,0,0
Pggb250811,1,1,1,1,1
Pggb250854,0,1,1,1,1
Pggb251439,0,1,1,0,1
Pggb251482,0,1,1,0,1
Pggb251756,1,1,1,0,1
Pggb251803,0,1,1,0,1
Pggb252046,0,1,1,0,1
Pggb252480,0,0,1,0,1
Pggb252703,0,0,1,0,0
Pggb252808,1,1,1,0,1
Pggb252893,0,0,1,0,1
Pggb253118,1,1,1,0,1
Pggb253139,1,1,1,0,1
Pggb253473,1,1,1,0,1
Pggb254302,0,1,1,0,1
Pggb255574,1,1,1,0,1
Pggb255726,1,1,1,0,1
Pggb256321,0,1,1,0,0
Pggb256360,1,1,1,0,0
Pggb256378,0,0,1,0,1
Pggb256386,0,0,1,0,1
Pggb256388,0,0,1,1,0
Pggb256459,0,1,1,0,0
Pggb256523,1,0,1,1,0
Pggb256815,0,0,0,1,0
Pggb256816,1,0,0,0,0
Pggb258189,1,1,1,1,1
Pggb258236,1,1,1,0,0
Pggb258240,1,0,1,0,0
Pggb259616,0,0,1,1,0
Pggb259699,1,1,1,0,1
Pggb259910,0,1,1,0,1
Pggb260108,1,1,1,0,0
Pggb260402,0,1,1,0,0
Pggb260848,0,0,1,0,0
Pggb260896,0,1,1,0,1
Pggb261286,1,1,1,0,0
Pggb262088,0,1,1,0,0
Pggb262788,1,1,1,0,1
Pggb264202,1,1,1,0,0
Pggb264381,1,1,1,0,1
Pggb264471,1,1,1,0,1
Pggb265015,1,1,1,0,1
Pggb265530,0,1,1,0,0
Pggb265590,1,1,1,1,1
Pggb265611,1,1,1,0,0
Pggb265653,1,1,1,0,0
Pggb265696,0,1,1,0,1
Pggb265916,0,1,1,1,1
Pggb265932,1,1,1,1,1
Pggb265960,1,1,1,0,1
Pggb266013,1,1,1,0,0
Pggb267729,0,1,1,0,0
Pggb268416,0,1,1,0,0
Pggb268461,0,1,1,0,1
Pggb268542,0,1,1,0,0
Pggb268676,0,1,1,0,1
Pggb268776,0,0,1,1,1
Pggb268786,0,1,1,0,1
Pggb268926,0,1,1,1,0
Pggb268941,1,1,1,1,1
Pggb268948,1,0,1,1,1
Pggb269016,1,1,1,0,1
Pggb269050,0,1,1,1,1
Pggb269202,1,1,1,1,1
Pggb269782,0,1,1,0,1
Pggb269788,0,1,1,0,0
Pggb270097,0,1,1,1,1
Pggb270413,0,1,1,1,0
Pggb270425,1,1,1,0,1
Pggb270589,1,1,1,1,1
Pggb270997,0,1,1,0,0
Pggb271001,1,1,1,0,1
Pggb271600,0,1,1,1,1
Pggb271984,0,0,1,0,1
Pggb272051,0,1,1,0,1
Pggb272211,0,0,1,0,1
Pggb272856,0,1,1,0,1
Pggb272865,1,1,1,0,1
Pggb273584,1,1,1,0,1
Pggb273749,1,1,1,0,0
Pggb273807,1,0,0,0,0
Pggb274197,1,0,1,0,1
Pggb274290,0,0,1,0,0
Pggb274291,1,1,1,0,0
Pggb274740,0,0,1,1,0
Pggb274988,1,1,1,0,1
Pggb275585,1,1,1,0,0
Pggb275605,0,1,1,0,1
Pggb27806,0,1,1,0,0
Pggb278627,1,1,1,0,0
Pggb278634,1,1,1,0,0
Pggb281603,1,0,1,0,1
Pggb281710,1,0,1,0,0
Pggb281855,1,0,1,0,0
Pggb282494,0,1,1,0,0
Pggb282587,0,1,1,0,0
Pggb282632,1,1,1,0,1
Pggb282642,1,1,0,0,0
Pggb282650,1,1,1,0,1
Pggb283461,1,1,1,1,1
Pggb28480,0,1,1,0,0
Pggb284892,0,0,0,0,1
Pggb29108,0,1,1,1,1
Pggb29123,1,1,1,0,1
Pggb294330,1,1,1,1,1
Pggb295935,1,0,1,0,0
Pggb297742,1,1,1,0,1
Pggb297781,1,1,1,0,1
Pggb297786,0,1,1,0,1
Pggb298643,1,1,1,0,1
Pggb299119,1,1,1,0,1
Pggb299501,0,1,1,0,1
Pggb29957,1,1,1,0,1
Pggb299948,1,1,1,0,0
Pggb300672,0,0,1,0,0
Pggb302106,1,1,1,0,0
Pggb302107,1,1,1,1,1
Pggb302175,1,0,1,0,0
Pggb303207,1,1,1,0,0
Pggb303256,0,1,1,0,1
Pggb303259,0,1,1,0,1
Pggb303313,1,1,1,0,1
Pggb303415,1,1,1,0,1
Pggb303418,0,1,1,0,0
Pggb303421,1,1,1,1,1
Pggb303837,1,1,1,1,1
Pggb306193,0,1,1,0,0
Pggb306518,1,1,1,0,1
Pggb311607,1,1,1,0,1
Pggb311612,1,1,1,1,0
Pggb311636,1,0,1,0,1
Pggb311640,1,1,1,1,1
Pggb311663,1,1,1,0,1
Pggb312283,1,1,1,1,1
Pggb312338,1,1,1,1,0
Pggb312381,0,1,1,1,1
Pggb312437,1,1,1,0,1
Pggb312470,1,1,1,0,1
Pggb312471,1,1,1,0,1
Pggb312788,1,0,1,0,1
Pggb312893,0,1,1,0,0
Pggb313262,0,1,1,0,1
Pggb313426,1,1,1,0,1
Pggb313849,0,0,1,0,0
Pggb315635,0,1,1,0,0
Pggb315939,0,1,1,0,1
Pggb316210,0,1,1,0,1
Pggb316513,0,0,1,0,0
Pggb316532,0,0,1,0,0
Pggb316538,0,1,1,0,1
Pggb317274,0,1,1,0,0
Pggb317626,1,1,1,0,1
Pggb317627,1,1,1,0,1
Pggb317970,1,1,1,0,1
Pggb318143,1,1,1,1,1
Pggb318146,1,1,1,1,1
Pggb318218,1,0,1,0,1
Pggb318380,1,1,1,1,1
Pggb318384,1,1,1,1,1
Pggb318663,1,1,1,0,1
Pggb318684,0,1,1,0,1
Pggb318879,1,1,1,0,1
Pggb319134,1,1,1,1,1
Pggb319223,1,1,1,0,1
Pggb319411,1,1,1,0,1
Pggb320485,0,0,1,0,0
Pggb320572,0,1,1,0,1
Pggb320793,0,1,1,0,0
Pggb320796,1,1,1,0,1
Pggb320877,0,0,1,0,1
Pggb320893,0,1,1,0,0
Pggb320951,0,1,1,1,0
Pggb320959,0,1,1,1,1
Pggb321011,1,1,1,0,1
Pggb321013,1,1,1,1,1
Pggb321267,1,1,1,0,1
Pggb321495,0,0,1,0,0
Pggb321666,1,1,1,0,0
Pggb322155,0,1,1,1,0
Pggb322157,0,1,1,0,0
Pggb322162,1,1,1,1,0
Pggb322172,0,1,1,1,0
Pggb322180,1,1,1,1,0
Pggb322893,1,0,1,1,1
Pggb323456,0,1,1,0,0
Pggb323657,1,1,1,0,1
Pggb323658,1,1,1,0,1
Pggb323660,1,1,1,0,1
Pggb323709,0,0,1,0,1
Pggb323907,1,1,1,0,1
Pggb324202,0,1,1,0,0
Pggb324208,1,1,1,1,1
Pggb324215,1,1,1,1,1
Pggb324380,0,1,1,1,1
Pggb324381,1,1,1,0,1
Pggb324445,0,0,1,0,0
Pggb324448,0,1,1,1,1
Pggb324449,1,0,1,1,1
Pggb324590,0,0,1,0,1
Pggb324659,0,1,1,1,0
Pggb324663,0,1,1,0,1
Pggb325172,0,1,1,0,1
Pggb325411,1,1,1,0,1
Pggb325570,0,0,1,1,1
Pggb326468,0,1,1,1,0
Pggb326501,0,1,1,0,1
Pggb326503,0,1,1,0,1
Pggb326620,1,1,1,0,1
Pggb326934,1,1,1,0,1
Pggb326949,1,1,1,1,0
Pggb327012,1,1,1,1,1
Pggb327068,0,1,1,0,0
Pggb327071,0,1,1,0,0
Pggb327072,0,1,1,1,0
Pggb327073,0,1,1,1,0
Pggb327530,1,1,1,0,1
Pggb327789,0,1,1,0,1
Pggb327866,0,1,1,0,1
Pggb328696,0,1,1,0,0
Pggb328707,0,1,1,0,0
Pggb328713,0,1,1,0,0
Pggb328739,0,1,1,0,1
Pggb329175,1,1,1,0,1
Pggb329948,1,0,1,0,0
Pggb329956,1,0,1,1,1
Pggb330050,0,1,1,0,0
Pggb330106,1,1,1,0,0
Pggb330166,1,0,0,1,0
Pggb330193,0,0,1,0,0
Pggb330194,1,0,1,1,0
Pggb330256,0,0,1,0,0
Pggb330919,0,1,1,0,0
Pggb330927,1,1,1,0,1
Pggb330940,1,1,1,1,1
Pggb331121,0,1,1,0,1
Pggb331197,0,0,1,1,1
Pggb331203,0,1,1,0,1
Pggb331316,1,1,1,0,1
Pggb331512,0,1,1,0,0
Pggb331513,0,1,1,0,0
Pggb331597,0,1,1,1,0
Pggb332092,1,1,1,0,1
Pggb332127,1,1,1,1,0
Pggb332143,0,1,1,0,1
Pggb332273,1,1,1,0,1
Pggb333693,1,0,1,0,1
Pggb333703,0,1,1,1,1
Pggb333720,0,0,1,1,0
Pggb333743,0,1,1,1,1
Pggb334154,0,0,1,1,0
Pggb334573,0,0,1,1,0
Pggb33460,0,1,0,0,0
Pggb334750,1,1,1,0,1
Pggb334757,1,1,1,0,1
Pggb334892,0,1,1,1,0
Pggb334985,0,1,1,0,0
Pggb335017,0,1,1,1,0
Pggb335024,0,1,1,0,1
Pggb335320,0,1,1,0,1
Pggb335829,0,1,1,0,1
Pggb336422,0,0,1,0,0
Pggb336686,0,1,1,0,0
Pggb336699,0,1,1,1,1
Pggb336918,0,1,1,0,1
Pggb33752,0,0,1,0,0
Pggb337746,0,1,1,0,0
Pggb337785,1,1,1,0,0
Pggb33794,0,1,1,0,0
Pggb338372,0,1,1,0,0
Pggb338378,1,1,1,1,1
Pggb338380,0,1,1,0,0
Pggb338382,0,1,1,0,0
Pggb338599,1,1,1,0,1
Pggb338779,0,0,0,0,1
Pggb338804,1,1,1,0,1
Pggb338857,0,0,1,0,1
Pggb338878,0,1,1,0,0
Pggb338975,1,1,1,1,1
Pggb339084,0,1,1,1,1
Pggb339240,1,1,1,1,1
Pggb339306,0,1,1,0,1
Pggb339387,0,1,0,1,0
Pggb339989,0,0,1,0,0
Pggb340665,0,1,1,0,0
Pggb341113,1,1,1,0,1
Pggb341624,0,1,1,0,1
Pggb341667,0,1,1,1,0
Pggb341710,1,1,1,1,0
Pggb342595,0,1,1,0,0
Pggb342602,1,0,1,0,1
Pggb342802,1,0,1,0,0
Pggb342810,1,0,1,0,0
Pggb342830,0,1,1,1,1
Pggb343155,0,1,1,0,1
Pggb343182,1,1,1,0,1
Pggb343505,0,0,1,1,1
Pggb344088,0,1,1,0,1
Pggb344159,0,1,1,0,1
Pggb344388,1,0,1,0,1
Pggb344953,0,1,1,0,0
Pggb345009,0,0,1,1,1
Pggb345554,0,0,1,0,1
Pggb345631,0,0,1,0,0
Pggb345793,0,1,1,0,0
Pggb345846,0,1,1,1,0
Pggb345848,0,1,1,0,0
Pggb34622,0,1,1,0,1
Pggb347579,0,0,0,0,1
Pggb348254,0,0,1,0,0
Pggb348797,1,0,1,0,1
Pggb348862,0,1,1,0,1
Pggb348865,0,1,1,0,1
Pggb348869,1,1,1,0,0
Pggb348892,1,1,1,0,1
Pggb349916,0,1,1,0,1
Pggb349917,1,0,1,0,1
Pggb350215,0,1,1,0,1
Pggb350480,0,0,1,0,0
Pggb351097,0,0,1,0,1
Pggb351254,0,1,1,0,0
Pggb351268,0,1,1,0,1
Pggb351308,1,0,1,0,1
Pggb351319,1,0,1,1,1
Pggb352475,0,0,1,0,0
Pggb352518,1,1,1,1,0
Pggb352634,1,1,1,1,0
Pggb352638,1,1,1,0,1
Pggb352668,0,1,1,1,1
Pggb352842,0,1,1,1,0
Pggb353156,1,1,1,1,0
Pggb353351,0,0,1,0,1
Pggb353418,0,1,1,0,1
Pggb354290,0,1,1,1,0
Pggb354316,0,1,1,1,1
Pggb354332,1,1,1,0,0
Pggb354334,0,1,1,1,0
Pggb354360,0,1,1,1,0
Pggb354361,0,1,1,0,0
Pggb354364,1,1,1,0,1
Pggb354918,1,0,1,0,1
Pggb355117,0,1,1,0,0
Pggb355599,1,1,1,0,0
Pggb355600,1,1,1,0,0
Pggb35658,0,1,1,0,1
Pggb356870,1,1,1,0,1
Pggb356873,0,0,1,1,0
Pggb356897,0,1,1,1,1
Pggb357449,0,0,1,0,0
Pggb357731,1,1,1,0,1
Pggb357867,1,1,1,0,1
Pggb357868,1,1,1,0,1
Pggb357878,1,1,1,0,1
Pggb358104,1,1,1,0,0
Pggb358607,0,0,1,0,1
Pggb358692,0,1,1,0,1
Pggb359251,0,1,1,0,1
Pggb359266,1,1,1,0,1
Pggb360661,0,1,1,0,1
Pggb361361,0,1,1,1,1
Pggb361529,0,1,1,1,0
Pggb367590,1,1,1,1,1
Pggb37686,0,1,1,1,1
Pggb37936,0,0,1,1,0
Pggb37937,0,0,1,1,0
Pggb382393,1,1,1,0,0
Pggb382927,1,1,1,0,1
Pggb383153,1,1,1,0,1
Pggb38582,0,0,1,0,0
Pggb38647,0,1,1,0,0
Pggb38773,1,0,0,0,0
Pggb38774,1,1,1,0,0
Pggb39107,1,1,1,0,1
Pggb39406,1,1,1,0,1
Pggb40734,1,1,1,0,1
Pggb40748,1,1,1,0,1
Pggb40804,0,1,1,1,1
Pggb41275,1,1,0,0,0
Pggb414591,0,0,1,0,0
Pggb414597,0,0,1,0,0
Pggb414671,0,0,1,1,1
Pggb415363,1,0,1,0,0
Pggb416809,1,1,1,1,1
Pggb41704,0,1,1,0,1
Pggb417886,0,0,1,0,1
Pggb418692,0,1,1,0,1
Pggb419417,1,0,0,0,1
Pggb419657,0,1,1,1,0
Pggb419668,0,0,1,0,1
Pggb419680,0,1,1,1,1
Pggb420131,0,1,1,0,1
Pggb420136,0,1,1,0,1
Pggb420215,0,0,1,0,1
Pggb420267,0,0,1,0,0
Pggb420326,0,0,1,0,0
Pggb420604,0,1,1,0,1
Pggb420811,0,1,1,1,0
Pggb420829,1,1,1,0,0
Pggb420845,0,1,1,0,0
Pggb421020,0,0,1,0,1
Pggb421050,0,0,1,0,1
Pggb421067,1,1,1,0,1
Pggb421356,0,1,1,0,0
Pggb421365,0,1,1,0,0
Pggb421754,1,1,1,0,1
Pggb421921,1,1,1,0,1
Pggb422087,1,1,1,0,1
Pggb422344,1,1,1,0,0
Pggb422396,1,1,1,0,0
Pggb422633,0,1,1,1,1
Pggb422969,0,1,1,0,1
Pggb423597,0,1,1,1,0
Pggb424542,0,0,1,0,0
Pggb425014,1,1,1,0,0
Pggb425028,1,0,1,0,1
Pggb426160,0,0,0,1,0
Pggb426163,0,0,1,0,0
Pggb426406,0,1,1,0,0
Pggb426465,1,1,1,0,1
Pggb426726,0,1,1,0,0
Pggb427256,0,1,1,1,1
Pggb4273,1,1,1,1,1
Pggb42733,1,1,1,0,1
Pggb427401,0,0,1,1,1
Pggb427403,1,1,1,1,1
Pggb427435,1,0,1,1,1
Pggb427476,0,1,1,0,1
Pggb427504,0,1,1,0,1
Pggb427743,1,1,1,0,1
Pggb427744,1,1,1,0,1
Pggb427747,1,1,1,0,1
Pggb427748,0,1,1,0,1
Pggb42801,0,1,1,0,1
Pggb428212,0,1,1,0,0
Pggb428344,1,1,1,0,1
Pggb428855,1,1,1,1,1
Pggb42902,1,1,1,0,0
Pggb430093,1,1,1,1,1
Pggb430245,0,0,1,0,1
Pggb430294,0,0,1,0,1
Pggb43032,0,0,1,1,1
Pggb43037,0,1,1,1,1
Pggb43038,0,1,1,0,1
Pggb430941,1,1,1,0,1
Pggb430978,0,1,1,0,1
Pggb431110,0,1,1,0,0
Pggb431242,1,1,1,0,1
Pggb431341,0,1,1,1,0
Pggb431492,0,1,1,0,1
Pggb431506,1,1,1,0,1
Pggb431707,0,0,1,0,1
Pggb431818,0,1,1,0,1
Pggb432546,0,1,1,0,0
Pggb432874,1,1,1,0,0
Pggb432919,1,1,1,0,0
Pggb433243,0,1,1,0,1
Pggb433268,0,0,1,0,0
Pggb433271,0,0,1,0,0
Pggb433391,1,1,1,0,1
Pggb433419,0,0,1,1,1
Pggb433673,1,1,1,0,1
Pggb434727,0,0,1,0,1
Pggb434851,1,1,1,0,1
Pggb435226,0,1,1,0,0
Pggb435626,1,1,1,0,1
Pggb435627,0,1,1,0,1
Pggb435634,0,0,1,0,1
Pggb435815,0,0,1,0,0
Pggb435822,0,1,1,1,0
Pggb435834,0,1,1,1,1
Pggb43629,0,1,1,0,1
Pggb43640,0,1,1,0,1
Pggb436564,0,1,0,0,0
Pggb437145,0,1,1,0,1
Pggb437163,0,1,1,1,1
Pggb437164,0,1,1,0,1
Pggb437414,0,0,1,0,1
Pggb437471,1,1,1,0,1
Pggb437633,0,1,1,0,1
Pggb437946,0,1,1,0,0
Pggb438732,0,0,1,0,0
Pggb439115,1,1,1,0,1
Pggb439375,1,1,1,0,1
Pggb440182,0,1,1,0,0
Pggb440183,0,1,1,0,0
Pggb440198,0,1,1,0,1
Pggb440596,1,1,1,0,1
Pggb440608,1,1,1,0,1
Pggb440646,0,1,1,1,1
Pggb440691,1,1,1,1,1
Pggb440952,0,0,1,1,1
Pggb442316,0,1,1,0,0
Pggb442331,0,0,1,1,0
Pggb442442,0,1,1,0,1
Pggb442599,0,1,1,0,1
Pggb442603,0,1,1,1,1
Pggb442702,0,1,1,1,1
Pggb442730,0,1,1,1,1
Pggb442739,0,1,1,1,1
Pggb444116,0,1,1,0,1
Pggb444157,0,0,1,0,1
Pggb444325,0,1,1,0,1
Pggb444327,0,1,1,0,1
Pggb444381,0,0,1,1,1
Pggb444936,0,1,1,0,1
Pggb445259,1,1,1,0,1
Pggb445499,0,1,1,0,1
Pggb445648,1,1,1,0,1
Pggb445771,0,0,1,1,1
Pggb445779,0,1,1,1,1
Pggb445850,1,1,1,0,1
Pggb445855,0,0,1,0,1
Pggb446020,0,1,1,1,1
Pggb446025,0,1,1,0,0
Pggb446352,1,1,1,1,0
Pggb446353,1,1,1,1,0
Pggb446409,1,1,1,1,1
Pggb447265,0,0,1,0,0
Pggb447339,0,1,1,1,1
Pggb447398,1,1,1,0,0
Pggb447646,0,1,1,0,1
Pggb447745,1,1,1,1,1
Pggb448820,0,0,1,1,0
Pggb448831,0,1,1,1,1
Pggb449443,0,0,1,0,1
Pggb449470,0,0,1,0,0
Pggb449730,0,0,1,0,0
Pggb449779,0,1,1,0,0
Pggb450557,0,0,1,0,0
Pggb450655,0,0,1,0,0
Pggb450704,0,1,1,1,1
Pggb451514,0,1,1,0,0
Pggb451606,1,1,1,0,1
Pggb451754,0,0,1,0,1
Pggb452025,1,1,1,0,1
Pggb452114,1,1,1,0,1
Pggb452116,1,1,1,0,1
Pggb452221,1,1,1,0,0
Pggb452358,0,1,1,0,1
Pggb452487,1,1,1,0,1
Pggb452701,1,1,1,1,1
Pggb452769,1,1,1,1,1
Pggb452771,1,1,1,1,1
Pggb452823,0,1,1,1,1
Pggb45309,0,0,1,0,0
Pggb453162,1,1,1,0,1
Pggb453277,0,0,1,0,1
Pggb453335,0,1,1,0,1
Pggb453386,1,1,1,0,1
Pggb453396,0,1,1,0,0
Pggb453455,1,1,1,0,1
Pggb453456,1,1,1,0,1
Pggb453530,1,1,1,0,1
Pggb453553,0,0,1,0,0
Pggb453984,1,1,1,0,1
Pggb454017,0,1,1,0,1
Pggb454050,0,1,1,0,1
Pggb454250,1,1,1,0,1
Pggb454436,0,1,1,0,1
Pggb45464,0,0,1,0,0
Pggb455310,0,1,1,0,0
Pggb455353,0,1,1,0,0
Pggb455486,0,0,1,1,1
Pggb455560,0,1,1,0,0
Pggb45570,0,0,1,1,0
Pggb455782,0,0,1,0,1
Pggb455849,0,1,1,0,1
Pggb455850,0,1,1,0,1
Pggb456148,0,1,1,0,1
Pggb456171,0,1,1,1,0
Pggb456176,0,1,1,0,1
Pggb456435,0,0,1,0,0
Pggb457048,0,1,1,0,1
Pggb457472,0,1,1,1,1
Pggb457573,0,1,1,0,1
Pggb457966,0,1,0,0,1
Pggb458054,0,0,1,0,1
Pggb458077,1,1,1,0,1
Pggb458378,1,1,1,1,1
Pggb45914,0,0,1,0,1
Pggb460260,0,0,1,0,0
Pggb460463,1,1,1,1,1
Pggb460587,1,1,1,0,1
Pggb460588,1,1,1,0,1
Pggb460598,0,0,1,0,1
Pggb460866,0,0,1,0,1
Pggb460930,1,1,1,1,1
Pggb460943,1,1,1,0,1
Pggb461170,0,1,1,0,0
Pggb462027,0,1,1,1,1
Pggb462033,0,1,1,0,0
Pggb462066,0,0,1,0,0
Pggb462479,0,1,1,0,0
Pggb462684,0,1,1,0,1
Pggb462807,1,1,1,0,0
Pggb463033,0,1,1,1,0
Pggb463034,1,1,1,1,1
Pggb463168,1,1,1,0,1
Pggb463170,0,1,1,0,0
Pggb463263,1,1,1,1,1
Pggb463275,1,1,1,0,1
Pggb463314,1,1,1,1,1
Pggb463519,1,1,1,1,1
Pggb463532,0,1,1,0,0
Pggb463621,1,1,1,1,1
Pggb463712,1,1,1,0,1
Pggb463812,0,1,1,0,1
Pggb463887,1,1,1,1,1
Pggb463906,1,1,1,0,1
Pggb463936,1,1,1,1,1
Pggb464330,0,1,1,0,1
Pggb464634,1,1,1,0,1
Pggb464778,1,1,1,1,1
Pggb464956,1,1,1,1,0
Pggb46497,1,1,1,1,1
Pggb465139,1,1,1,0,1
Pggb465232,1,1,1,1,1
Pggb465641,0,1,1,1,1
Pggb466265,0,1,1,1,1
Pggb466324,0,1,1,1,1
Pggb466754,0,1,1,1,0
Pggb466790,0,0,1,0,0
Pggb467433,0,1,1,0,1
Pggb467465,1,1,1,0,1
Pggb467964,1,0,1,0,0
Pggb467999,1,0,1,0,1
Pggb468006,0,1,1,0,1
Pggb468539,1,1,1,0,1
Pggb468868,0,0,1,0,0
Pggb468889,0,1,1,0,0
Pggb468890,0,0,1,0,0
Pggb469481,1,1,1,0,0
Pggb469901,0,1,1,0,0
Pggb469903,0,0,1,0,1
Pggb470111,0,1,1,1,0
Pggb470134,0,1,1,0,0
Pggb470162,0,0,1,0,0
Pggb470334,0,1,1,0,0
Pggb470455,0,0,1,0,1
Pggb470533,1,1,1,1,1
Pggb471115,1,1,1,0,1
Pggb471139,0,1,1,1,1
Pggb471142,1,1,1,0,1
Pggb471203,1,1,1,1,0
Pggb471208,1,1,1,0,1
Pggb471231,1,1,1,0,0
Pggb471361,0,1,1,1,1
Pggb471427,0,1,1,1,1
Pggb471429,0,1,1,1,1
Pggb472077,0,1,1,1,1
Pggb472171,1,1,1,0,1
Pggb472444,1,1,1,0,0
Pggb472451,0,1,1,0,0
Pggb47257,1,0,1,0,0
Pggb472797,0,0,1,0,0
Pggb472899,1,1,1,1,1
Pggb47331,0,1,1,0,0
Pggb47338,0,1,1,0,0
Pggb475538,1,1,1,0,1
Pggb47574,0,0,1,0,0
Pggb476251,0,1,1,0,1
Pggb476257,1,1,1,0,1
Pggb47731,1,0,1,0,1
Pggb477390,1,1,1,0,1
Pggb477618,1,1,1,0,1
Pggb477645,0,1,1,1,1
Pggb478119,0,1,1,0,1
Pggb478261,1,1,1,0,1
Pggb478269,0,1,1,0,1
Pggb47865,0,1,1,0,1
Pggb47902,1,1,1,0,1
Pggb479202,1,1,1,0,1
Pggb47943,0,0,1,0,0
Pggb480690,0,1,1,0,1
Pggb48070,0,0,1,0,0
Pggb48071,0,0,1,0,0
Pggb480710,0,1,1,0,1
Pggb480841,0,0,1,0,1
Pggb48144,0,1,1,0,0
Pggb481773,1,1,1,1,0
Pggb481962,1,1,1,0,1
Pggb481975,1,1,1,0,0
Pggb481977,1,1,1,0,1
Pggb481978,1,1,1,0,1
Pggb482558,0,1,1,0,0
Pggb482845,1,1,1,0,1
Pggb483032,0,0,1,0,0
Pggb483096,0,1,1,1,1
Pggb483105,0,0,1,0,0
Pggb483606,0,1,1,0,0
Pggb483759,0,0,1,0,0
Pggb483830,0,1,1,1,0
Pggb484386,0,0,1,0,1
Pggb484462,0,1,1,0,1
Pggb484629,1,0,1,0,1
Pggb484857,1,1,1,0,1
Pggb485118,1,1,1,0,1
Pggb485422,0,1,1,0,1
Pggb485491,0,1,1,1,0
Pggb485494,0,1,1,1,1
Pggb485534,1,0,1,0,1
Pggb485564,0,1,1,0,1
Pggb485566,1,1,1,1,0
Pggb485574,0,1,1,0,1
Pggb485576,0,1,1,1,1
Pggb486014,1,1,1,0,1
Pggb486252,1,1,1,0,1
Pggb486255,0,1,1,0,0
Pggb4863,1,1,1,1,1
Pggb486462,0,1,1,0,1
Pggb486920,0,1,1,0,1
Pggb487159,0,1,1,0,1
Pggb487166,0,1,1,0,1
Pggb487167,1,1,1,1,1
Pggb487173,1,1,1,1,1
Pggb487176,0,0,1,0,0
Pggb487188,0,1,1,0,1
Pggb487275,0,1,1,0,1
Pggb487515,1,1,1,0,0
Pggb487546,1,1,1,0,1
Pggb487603,1,1,1,1,1
Pggb487609,0,0,1,1,0
Pggb48778,0,0,1,0,1
Pggb487816,0,0,1,0,1
Pggb487819,1,1,1,1,1
Pggb487993,1,1,1,1,1
Pggb488080,1,1,1,1,1
Pggb48816,0,1,1,0,1
Pggb488225,1,1,1,1,1
Pggb488378,1,1,1,0,1
Pggb488391,1,1,1,0,1
Pggb488400,1,1,1,1,1
Pggb488421,1,1,1,1,1
Pggb488452,0,1,1,1,1
Pggb488478,1,1,1,0,1
Pggb48870,0,0,1,1,0
Pggb48880,0,1,1,1,1
Pggb488875,0,1,1,0,1
Pggb488940,1,1,1,1,1
Pggb489035,0,1,1,1,1
Pggb489072,1,0,1,0,1
Pggb489073,1,0,1,1,0
Pggb489123,0,1,1,1,1
Pggb489341,0,1,1,0,1
Pggb48953,1,1,1,0,1
Pggb489674,0,1,1,0,1
Pggb490432,0,0,1,0,1
Pggb491325,0,0,1,0,1
Pggb491489,0,1,1,0,0
Pggb4924,1,1,1,1,0
Pggb492729,1,1,1,1,0
Pggb493133,1,1,1,0,0
Pggb494314,1,1,1,1,1
Pggb494316,1,1,1,0,1
Pggb494319,1,1,1,1,1
Pggb494435,1,1,1,0,1
Pggb494466,1,1,1,0,1
Pggb494530,1,1,1,1,1
Pggb494534,1,1,1,0,1
Pggb494767,1,0,1,1,1
Pggb495579,0,1,1,0,1
Pggb497083,0,0,1,0,1
Pggb497158,0,1,1,1,1
Pggb497473,1,1,1,0,1
Pggb497488,1,1,1,1,1
Pggb497866,0,1,1,0,1
Pggb497993,0,1,1,1,1
Pggb498016,1,0,1,1,1
Pggb498046,1,1,1,0,0
Pggb498180,1,0,1,0,1
Pggb498518,1,1,1,0,1
Pggb498615,1,1,1,0,1
Pggb498616,0,1,1,0,1
Pggb498627,1,0,1,0,0
Pggb498630,1,1,1,0,1
Pggb498829,0,1,1,0,1
Pggb498934,0,1,1,0,1
Pggb499200,0,1,1,0,1
Pggb499231,1,1,0,0,1
Pggb499345,0,1,1,0,1
Pggb49978,0,0,1,0,1
Pggb499922,0,1,0,0,0
Pggb500023,0,1,1,0,1
Pggb500123,0,1,1,0,1
Pggb500424,1,1,0,1,1
Pggb500521,0,1,1,0,1
Pggb500606,1,0,1,1,1
Pggb501139,0,0,1,0,0
Pggb501362,1,1,1,1,1
Pggb501444,0,1,1,1,0
Pggb501513,1,1,1,1,0
Pggb501537,0,1,1,0,0
Pggb501645,1,1,1,1,1
Pggb501646,1,1,1,1,1
Pggb501733,0,1,1,1,1
Pggb501751,1,1,1,1,1
Pggb501756,0,1,1,0,1
Pggb501944,0,1,1,0,1
Pggb501956,0,0,1,1,1
Pggb502321,0,0,1,0,0
Pggb502574,0,0,1,1,1
Pggb502587,0,1,1,0,1
Pggb502598,0,0,1,1,1
Pggb502703,1,1,1,0,1
Pggb502746,0,1,1,0,1
Pggb502881,1,1,1,0,0
Pggb502901,1,1,1,1,0
Pggb503227,0,1,1,1,1
Pggb503745,0,0,0,0,1
Pggb503807,0,1,1,0,0
Pggb504842,1,1,1,0,0
Pggb504869,0,0,0,0,1
Pggb504912,0,1,1,0,0
Pggb505359,0,0,1,0,0
Pggb505865,0,0,0,0,1
Pggb505873,0,1,1,1,0
Pggb506149,1,1,1,0,1
Pggb506156,0,0,1,0,0
Pggb506224,0,1,1,0,1
Pggb50691,0,1,1,0,1
Pggb507449,0,0,0,0,1
Pggb507574,1,1,1,0,1
Pggb50780,0,1,1,0,1
Pggb50785,1,1,1,1,1
Pggb507905,0,1,1,0,1
Pggb507914,0,1,1,1,0
Pggb508233,0,1,1,0,0
Pggb508793,0,1,1,1,1
Pggb508810,0,1,1,1,1
Pggb508817,0,1,1,0,1
Pggb508821,0,1,1,0,1
Pggb508963,0,1,1,0,0
Pggb509076,1,1,1,1,0
Pggb509086,0,1,1,0,0
Pggb509354,0,1,1,0,1
Pggb509460,0,1,1,0,1
Pggb509464,1,1,1,0,1
Pggb509465,0,1,1,0,1
Pggb509503,1,1,1,0,1
Pggb509826,0,1,1,1,1
Pggb509913,1,1,1,0,1
Pggb510315,1,1,1,0,1
Pggb510411,1,1,1,0,1
Pggb510507,1,1,1,0,1
Pggb510718,0,1,1,0,1
Pggb510720,0,1,1,0,1
Pggb510722,1,1,1,1,0
Pggb511057,0,1,1,0,0
Pggb511265,1,1,1,1,1
Pggb511269,0,1,1,0,1
Pggb512088,0,1,1,0,0
Pggb512351,1,1,1,1,1
Pggb51280,0,0,1,0,0
Pggb513190,1,0,1,0,0
Pggb513729,0,1,1,1,0
Pggb513892,0,1,1,1,1
Pggb513949,1,1,1,0,1
Pggb513951,0,1,1,0,1
Pggb513979,0,1,1,0,0
Pggb514016,1,1,1,0,1
Pggb514049,1,1,1,0,1
Pggb514149,0,1,1,1,1
Pggb514326,0,1,1,0,1
Pggb514403,1,1,1,1,1
Pggb514407,1,1,1,0,1
Pggb514417,1,1,1,0,1
Pggb514424,1,1,1,1,1
Pggb514530,1,1,1,0,1
Pggb515338,1,1,1,0,0
Pggb515551,1,1,1,1,0
Pggb515552,0,1,1,0,0
Pggb51601,1,1,1,1,1
Pggb516505,1,1,1,0,1
Pggb51699,1,1,1,0,1
Pggb517922,0,0,1,1,1
Pggb518370,0,1,1,1,1
Pggb518376,1,1,1,0,1
Pggb518434,0,1,1,1,1
Pggb518471,1,1,1,0,1
Pggb518556,0,1,1,0,1
Pggb518626,1,1,1,0,1
Pggb518804,1,1,1,0,1
Pggb519062,0,1,1,0,1
Pggb519104,1,1,1,0,1
Pggb519214,0,0,1,0,0
Pggb519499,0,0,1,0,1
Pggb519502,0,0,1,0,1
Pggb519664,0,0,1,0,1
Pggb519667,0,0,1,0,0
Pggb519676,1,0,1,0,0
Pggb52052,1,1,1,0,1
Pggb52076,1,1,1,0,1
Pggb520932,0,0,1,0,0
Pggb520957,0,0,1,0,0
Pggb521077,1,0,1,0,1
Pggb521138,1,0,1,0,0
Pggb521238,0,1,1,0,1
Pggb521249,0,0,1,0,1
Pggb521296,0,1,1,1,0
Pggb521553,1,1,1,0,1
Pggb521562,1,0,0,0,0
Pggb521860,0,1,1,1,0
Pggb522497,1,1,1,0,0
Pggb522510,0,0,1,0,0
Pggb522520,0,1,1,0,0
Pggb522936,0,0,1,0,1
Pggb522940,0,1,1,1,1
Pggb523000,0,1,1,1,1
Pggb523043,1,1,1,1,1
Pggb523270,1,1,1,1,1
Pggb523271,1,1,1,1,1
Pggb523272,1,1,1,1,1
Pggb523297,0,1,1,1,1
Pggb523367,0,1,1,0,1
Pggb523369,0,0,1,0,1
Pggb523441,0,0,1,0,1
Pggb524055,1,1,1,0,1
Pggb524174,1,1,1,1,0
Pggb524465,0,1,1,0,1
Pggb524475,0,1,1,1,0
Pggb524719,1,1,1,1,0
Pggb524722,1,1,1,1,0
Pggb525098,1,0,1,0,1
Pggb525159,0,1,1,0,0
Pggb52531,1,0,1,1,1
Pggb525316,1,1,1,0,1
Pggb525323,1,0,1,0,1
Pggb525369,1,1,1,0,1
Pggb525481,1,1,1,1,1
Pggb525577,1,1,1,0,1
Pggb525920,1,1,1,1,1
Pggb525956,0,1,1,1,0
Pggb52609,1,1,1,0,1
Pggb52618,0,0,1,0,1
Pggb527703,0,1,1,0,1
Pggb527705,1,1,1,0,1
Pggb528147,0,1,1,0,0
Pggb528214,1,1,1,0,1
Pggb528249,1,1,1,1,1
Pggb528316,0,0,1,0,0
Pggb528362,1,1,1,0,1
Pggb53714,1,0,1,1,1
Pggb54226,1,1,1,0,1
Pggb54471,1,1,1,0,1
Pggb55010,0,1,1,0,0
Pggb55044,0,1,1,0,1
Pggb55224,1,1,1,1,1
Pggb55266,1,1,1,0,0
Pggb56006,1,1,1,0,1
Pggb56009,1,1,1,0,1
Pggb56505,1,1,1,0,0
Pggb56569,0,0,1,0,0
Pggb56713,0,1,1,0,1
Pggb56765,1,1,1,1,1
Pggb56795,1,1,1,0,0
Pggb58973,1,1,1,1,1
Pggb59015,1,1,1,1,1
Pggb59320,0,1,1,0,1
Pggb5964,0,0,1,1,1
Pggb60599,0,0,1,1,0
Pggb6065,0,0,1,0,1
Pggb61434,0,0,1,0,0
Pggb61537,0,1,0,0,0
Pggb61739,1,0,1,0,0
Pggb61744,0,1,1,0,0
Pggb61957,0,1,1,0,1
Pggb61996,0,1,1,0,1
Pggb62021,0,1,1,1,1
Pggb62867,0,1,1,1,1
Pggb62882,0,1,1,1,1
Pggb63275,0,1,1,1,0
Pggb63408,0,1,1,1,0
Pggb63613,0,1,1,0,1
Pggb63636,0,1,1,1,1
Pggb63700,0,1,1,1,1
Pggb64016,1,0,1,0,1
Pggb64017,0,0,1,0,1
Pggb64050,0,1,1,0,0
Pggb64381,0,1,1,0,0
Pggb64425,1,0,0,0,0
Pggb64570,1,1,1,1,0
Pggb64649,0,1,1,0,1
Pggb65000,0,1,1,0,1
Pggb65149,0,1,1,0,1
Pggb65205,1,1,1,0,1
Pggb65375,0,1,1,1,1
Pggb66210,0,1,1,0,0
Pggb66215,0,1,1,0,1
Pggb66216,0,1,1,0,1
Pggb66506,1,0,1,1,0
Pggb66639,1,0,1,0,0
Pggb67002,0,0,1,0,0
Pggb67010,0,0,1,0,0
Pggb67053,1,1,1,0,0
Pggb67055,0,1,1,0,0
Pggb67140,0,0,1,0,0
Pggb67169,0,1,1,0,0
Pggb67638,1,1,1,0,0
Pggb67644,0,1,1,1,0
Pggb67797,0,0,1,0,1
Pggb67928,1,1,1,0,1
Pggb67929,1,1,1,0,1
Pggb68029,1,1,1,0,0
Pggb68124,0,1,1,1,1
Pggb68433,0,1,1,0,1
Pggb6895,1,1,1,1,1
Pggb6904,0,1,1,1,0
Pggb6913,1,1,1,1,0
Pggb69229,1,1,1,0,1
Pggb69287,1,1,1,0,1
Pggb69438,1,1,1,0,1
Pggb69445,0,1,1,0,0
Pggb69817,1,1,1,0,1
Pggb69952,0,1,1,0,1
Pggb69956,1,1,1,1,1
Pggb70107,1,1,1,0,1
Pggb70187,1,1,1,1,1
Pggb70254,1,1,1,0,1
Pggb70546,0,1,1,0,1
Pggb71424,1,1,1,0,0
Pggb71431,0,0,1,0,1
Pggb71666,0,0,1,0,1
Pggb71695,1,1,1,0,1
Pggb71726,1,1,1,1,1
Pggb71870,0,1,1,0,1
Pggb72087,0,0,1,0,0
Pggb72898,0,0,1,0,0
Pggb73459,0,0,1,0,0
Pggb73460,0,0,1,0,0
Pggb73495,0,1,1,0,1
Pggb73598,0,0,1,0,0
Pggb73599,1,0,1,0,0
Pggb73600,1,0,1,1,1
Pggb74919,1,1,1,0,1
Pggb75212,0,1,1,0,0
Pggb75232,0,0,1,0,0
Pggb76163,0,1,1,1,1
Pggb76553,0,0,0,0,1
Pggb76567,0,1,1,0,1
Pggb76574,1,1,1,0,0
Pggb76579,0,1,1,0,0
Pggb76582,0,1,1,0,0
Pggb77031,0,0,1,0,0
Pggb7713,0,1,1,0,1
Pggb7716,0,1,1,0,1
Pggb77527,0,1,1,0,0
Pggb77711,1,1,1,0,1
Pggb77728,1,1,1,0,1
Pggb77769,1,1,1,1,0
Pggb78000,0,1,1,0,0
Pggb7824,0,1,1,0,0
Pggb7827,1,1,1,0,1
Pggb78277,0,1,1,0,1
Pggb7828,0,1,1,0,1
Pggb78317,1,1,1,0,1
Pggb78837,0,1,1,0,1
Pggb78838,0,0,1,0,1
Pggb78964,0,0,1,0,1
Pggb78998,0,1,1,0,1
Pggb79218,0,0,1,0,0
Pggb79225,0,0,1,0,0
Pggb79227,1,1,1,1,1
Pggb79306,0,1,1,0,1
Pggb79385,0,1,1,1,0
Pggb79504,0,1,1,0,0
Pggb80064,0,0,1,0,0
Pggb80540,1,1,1,0,0
Pggb80760,0,1,1,0,0
Pggb80896,1,1,1,0,1
Pggb80959,1,1,1,0,1
Pggb80960,1,1,1,0,1
Pggb80977,1,1,1,1,1
Pggb81124,1,1,1,1,1
Pggb81281,0,1,1,0,0
Pggb81350,1,1,1,1,1
Pggb81362,0,1,1,1,1
Pggb81428,1,1,1,1,1
Pggb81927,0,1,1,0,0
Pggb82009,0,0,1,0,1
Pggb82336,0,1,1,0,1
Pggb82339,0,1,1,0,1
Pggb82609,0,0,1,1,1
Pggb82973,1,1,1,1,1
Pggb83179,0,0,1,0,0
Pggb83195,1,1,1,0,1
Pggb83349,0,1,1,1,0
Pggb83466,1,0,1,0,0
Pggb83612,0,1,1,1,1
Pggb84359,0,1,1,1,0
Pggb84391,0,1,1,0,0
Pggb84448,0,1,1,1,0
Pggb84465,0,1,1,0,0
Pggb84466,0,1,1,1,1
Pggb84470,0,1,1,1,1
Pggb86348,1,1,1,0,0
Pggb86470,1,1,1,0,0
Pggb87118,0,0,1,0,0
Pggb87219,1,1,1,1,1
Pggb87388,0,1,1,1,1
Pggb87390,0,0,1,0,1
Pggb87643,1,1,1,1,1
Pggb88602,0,1,1,1,1
Pggb88840,1,1,1,0,0
Pggb90,0,1,1,0,0
Pggb90280,0,1,1,1,0
Pggb90281,0,1,1,0,0
Pggb90996,1,0,1,0,0
Pggb91096,0,1,1,0,1
Pggb91267,1,1,1,1,1
Pggb91308,0,0,1,0,1
Pggb92025,0,1,0,0,0
Pggb92113,1,1,1,1,0
Pggb92251,0,1,1,0,1
Pggb93136,0,1,1,1,0
Pggb93239,0,0,1,0,0
Pggb93271,0,1,1,1,0
Pggb93563,0,1,1,0,1
Pggb93921,1,1,1,0,1
Pggb93931,1,0,1,0,1
Pggb94287,1,1,1,0,0
Pggb94480,0,1,1,1,1
Pggb9558,1,1,1,0,1
Pggb9574,1,1,1,0,1
Pggb9594,1,1,1,0,1
Pggb9603,0,0,1,0,0
Pggb96068,1,1,1,0,1
Pggb96078,1,0,1,1,0
Pggb9704,0,1,1,0,1
Pggb97330,1,1,1,0,1
Pggb97340,1,1,1,0,0
Pggb97341,1,1,1,0,0
Pggb97570,0,1,1,0,0
Pggb97884,0,0,1,0,1
Pggb97959,0,1,1,1,0
Pggb97975,1,1,1,0,0
Pggb97977,0,1,1,1,0
Pggb98472,0,1,1,1,1
Pggb98576,0,1,1,0,0
Pggb98590,0,1,1,0,1
Pggb98594,0,1,1,0,1
Pggb99022,0,1,1,0,0
Pggb99093,0,1,1,0,1
Pggb99130,0,1,1,1,1
Pggb99273,0,0,1,0,1
Pggb9974,1,0,0,0,1
Pggb9977,1,0,1,0,0
